<?xml version="1.0" encoding="UTF-8"?>
<project-private xmlns="http://www.netbeans.org/ns/project-private/1">
    <editor-bookmarks xmlns="http://www.netbeans.org/ns/editor-bookmarks/2" lastBookmarkId="0"/>
    <open-files xmlns="http://www.netbeans.org/ns/projectui-open-files/2">
        <group>
            <file>file:/D:/Projects/nash-busik.com.ua/body_content.php</file>
            <file>file:/D:/Projects/nash-busik.com.ua/lng/ru/translation.php</file>
            <file>file:/D:/Projects/nash-busik.com.ua/index.php</file>
            <file>file:/D:/Projects/nash-busik.com.ua/body_main_menu.php</file>
            <file>file:/D:/Projects/nash-busik.com.ua/lng/pl/translation.php</file>
            <file>file:/D:/Projects/nash-busik.com.ua/header.php</file>
            <file>file:/D:/Projects/nash-busik.com.ua/body_header.php</file>
            <file>file:/D:/Projects/nash-busik.com.ua/lng/ua/translation.php</file>
        </group>
    </open-files>
</project-private>
